statement,alternative_a,alternative_b,alternative_c,alternative_d,alternative_e,correct_answer,position,board,contest,subject,topic,year,explanation,organization,exam,page,question,references,keywords,status,package,package_version
"O Hiperdia, criado através da Portaria nº 371/2002, é parte integrante do Plano Nacional de Reorganização da Atenção à Hipertensão Arterial (HA) e diabetes mellitus (DM). Uma das informações registradas pelo sistema é o sedentarismo; pelo programa é classificado como sedentário quem realiza menos de ______ minutos de exercício, _______ vezes por semana e não faz esforço físico pesado em casa ou no trabalho.",A) 15 / 4,B) 20 / 4,C) 30 / 3,D) 51195.99967592592,E) 21946.999675925927,C,enfermeiro,instituto-consulplan,concurso-publico-sespa-edital-01-2023,saude-do-adulto,pe-diabetico-e-doencas-cronicas,2023,"O Hiperdia classifica como sedentário o indivíduo que realiza menos de 30 minutos de exercício, 3 vezes por semana, sem esforço físico pesado adicional em casa ou no trabalho.",Secretaria de Estado de Saúde Pública do Pará (SESPA),Enfermeiro,14,48,,,ACTIVE,banco-de-questoes-enfermagem,1.0
"Texto-base (fragmento): ""Procrastinação: entenda essa inimiga. E livre-se dela."" Adiar tarefas importantes em prol de atividades inúteis é uma tendência universal, com raízes biológicas. A frase 'O homem que adia o trabalho está sempre a lutar com desastres' é da obra 'Os trabalhos e os dias', do poeta grego Hesíodo. O texto discute causas biológicas, psicológicas e sociais da procrastinação, citando a neurocientista Claudia Feitosa-Santana e o professor Joseph Ferrari, além de estratégias para vencer o hábito de adiar tarefas. (Bruno Carbinatto. Disponível em: https://vocesa.abril.com.br. Acesso em: 20/07/2023. Fragmento.)

Em “Não adies para amanhã nem depois de amanhã, pois não enche o celeiro o homem negligente, nem aquele que adia: a atenção faz o trabalho prosperar, [...]” (3º§), o trecho sublinhado “o homem negligente” é classificado sintaticamente como:",A) Sujeito da oração.,B) Predicativo da oração.,C) Objeto direto do verbo “encher”.,D) Objeto indireto do verbo “encher”.,E) Complemento nominal de “celeiro”.,A,enfermeiro,instituto-consulplan,concurso-publico-sespa-edital-01-2023,portugues,sintaxe,2023,"Na construção com sujeito posposto “não enche o celeiro o homem negligente”, o termo “o homem negligente” é o sujeito da oração, concordando com o verbo “enche”.",Secretaria de Estado de Saúde Pública do Pará (SESPA),Enfermeiro,4,6,,,ACTIVE,banco-de-questoes-enfermagem,1.0
Podemos afirmar que a Extranet trata-se de uma,A) rede especializada para fornecer acesso à Internet em locais remotos e de difícil acesso.,"B) extensão da Intranet que permite o acesso limitado a parceiros, fornecedores e clientes autorizados.",C) rede pública que permite que várias organizações compartilhem recursos e informações sem restrições.,D) rede local que conecta inúmeros escritórios de uma mesma organização para compartilhamento de arquivos.,E) rede privada que permite o acesso remoto aos recursos internos de uma organização através de autenticação de dois fatores.,B,enfermeiro,instituto-consulplan,concurso-publico-sespa-edital-01-2023,informatica,conceitos-de-internet-e-redes,2023,"A extranet é uma extensão da intranet de uma organização que permite acesso limitado e controlado a parceiros, fornecedores e clientes externos autorizados.",Secretaria de Estado de Saúde Pública do Pará (SESPA),Enfermeiro,7,20,,,ACTIVE,banco-de-questoes-enfermagem,1.0
"“A Rede Cegonha é uma estratégia do Sistema Único de Saúde (SUS) do Brasil, lançada em 2011, com o objetivo de reorganizar a atenção à saúde materna e infantil, buscando melhorar a qualidade do atendimento e reduzir a mortalidade materno-infantil. Dentre outros, tem como objetivo fomentar a implementação de um modelo de atenção à saúde da mulher e à saúde da criança com foco na atenção ao parto, ao nascimento, ao crescimento e ao desenvolvimento da criança de zero aos _______ meses.” Assinale a alternativa que completa corretamente a afirmativa anterior.",A) seis,B) doze,C) dezoito,D) vinte e quatro,E) trinta,D,enfermeiro,instituto-consulplan,concurso-publico-sespa-edital-01-2023,saude-da-mulher,assistencia-de-enfermagem-ao-pre-natal-parto-e-puerperio,2023,"A Rede Cegonha tem foco na atenção ao parto, ao nascimento e ao desenvolvimento da criança de zero aos 24 meses de idade.",Secretaria de Estado de Saúde Pública do Pará (SESPA),Enfermeiro,10,29,,,ACTIVE,banco-de-questoes-enfermagem,1.0
O Sistema de Informações Sobre Mortalidade (SIM) atua como fonte de dados e de informações que subsidiam a tomada de decisão em diversas áreas da assistência à saúde. O documento básico e essencial à coleta de dados da mortalidade no Brasil é a declaração de óbito. Podemos afirmar que a emissão de tal declaração é de responsabilidade,A) exclusiva do Ministério da Saúde.,B) exclusiva das Secretarias Municipais de Saúde.,C) das Secretarias Estaduais e Municipais de Saúde.,D) do Ministério da Saúde e das Secretarias Estaduais de Saúde.,"E) do Ministério da Saúde, das Secretarias Estaduais e Municipais de Saúde.",A,enfermeiro,instituto-consulplan,concurso-publico-sespa-edital-01-2023,saude-coletiva,sistemas-de-informacao-em-saude-sinan-sim,2023,"A emissão da declaração de óbito, documento básico do SIM, é responsabilidade compartilhada entre o Ministério da Saúde, as Secretarias Estaduais e as Secretarias Municipais de Saúde.",Secretaria de Estado de Saúde Pública do Pará (SESPA),Enfermeiro,13,44,,,ACTIVE,banco-de-questoes-enfermagem,1.0
"Considerando o fortalecimento do Sistema Único de Saúde (SUS), mediante a implantação do processo de regulação estabelecido pela Portaria nº 1.559/2008, o complexo regulador é a estrutura que operacionaliza as ações da regulação do acesso, podendo ter abrangência e estrutura pactuadas entre gestores, compreendendo como, por exemplo, o modelo estadual, regional e municipal. Podemos afirmar que o complexo regulador está organizado na Central de Regulação de:",A) Urgências.,B) Consultas e Exames.,C) Internações Hospitalares.,"D) Consultas e Exames; Internações Hospitalares; e, Urgências.","E) Consultas e Exames; Internações Hospitalares; Urgências; e, Alta Complexidade.",D,enfermeiro,instituto-consulplan,concurso-publico-sespa-edital-01-2023,legislacao-do-sus,organizacao-direcao-e-gestao-do-sus,2023,"O complexo regulador organiza-se nas Centrais de Regulação de Consultas e Exames, Internações Hospitalares e Urgências, conforme a Portaria 1.559/2008.",Secretaria de Estado de Saúde Pública do Pará (SESPA),Enfermeiro,13,43,,,ACTIVE,banco-de-questoes-enfermagem,1.0
"Com base no MS-Excel, as funções de planilha são categorizadas de acordo com a sua funcionalidade. De acordo com as funções do MS-Excel, para somar o intervalo de células B2 até D5, com o critério de soma de apenas valores menores que 19, deve-se aplicar a seguinte função:",A) Fórmula SOMASE(B2:D5;<19),"B) Fórmula SOMA(B2:D5; ""<19"")",C) Fórmula SOMA(SE(B2:D5<19)),"D) Fórmula SOMASE(B2:D5;""<19"")",E) Fórmula SE(B2:D5<19;SOMA(B2:D5)),D,enfermeiro,instituto-consulplan,concurso-publico-sespa-edital-01-2023,informatica,microsoft-excel,2023,"A função SOMASE exige o critério entre aspas quando envolve operadores de comparação, resultando em =SOMASE(B2:D5;""<19""), a sintaxe correta.",Secretaria de Estado de Saúde Pública do Pará (SESPA),Enfermeiro,7,18,,,ACTIVE,banco-de-questoes-enfermagem,1.0
"O Plano Nacional pelo Fim da Tuberculose foi construído considerando a meta de redução da incidência e mortalidade desta doença infecciosa até o ano de 2035. A ILTB ocorre quando uma pessoa se encontra infectada pelo Mycobacterium tuberculosis, sem manifestação da doença ativa. Podemos afirmar que o período de latência tem a durabilidade de",A) até um ano.,B) até dois anos.,C) até seis meses.,D) até quatro anos.,E) se estender por muitos anos.,E,enfermeiro,instituto-consulplan,concurso-publico-sespa-edital-01-2023,enfermagem-em-doencas-transmissiveis,prevencao-e-controle-de-doencas-transmissiveis,2023,"A Infecção Latente da Tuberculose (ILTB) pode se estender por muitos anos, já que o Mycobacterium tuberculosis pode permanecer latente no organismo por longos períodos sem manifestação da doença ativa.",Secretaria de Estado de Saúde Pública do Pará (SESPA),Enfermeiro,13,46,,,ACTIVE,banco-de-questoes-enfermagem,1.0
"O acordo de leniência é um ato administrativo negocial decorrente do exercício do poder sancionador do Estado, que visa à responsabilização de pessoas jurídicas pela prática de atos lesivos contra a Administração Pública nacional ou estrangeira. Considerando este acordo, assinale a afirmativa correta.",A) Sua celebração isentará a pessoa jurídica do valor da multa aplicável.,B) Não permite a extensão dos seus efeitos às pessoas jurídicas que integram o mesmo grupo econômico.,C) Sua proposta não poderá receber tratamento sigiloso e tramitará nos mesmos autos do processo administrativo de responsabilização.,D) A propositura e a celebração desse tipo de acordo são de competência exclusiva do Ministério Público no âmbito do inquérito civil ou durante o processamento de ação civil pública.,"E) Descumprido tal acordo, a pessoa jurídica ficará impedida de celebrar novo acordo pelo prazo de três anos contados do conhecimento pela Administração Pública do referido descumprimento.",E,enfermeiro,instituto-consulplan,concurso-publico-sespa-edital-01-2023,legislacao-municipal-e-institucional,lei-anticorrupcao-12846-2013,2023,"A Lei Anticorrupção prevê que, descumprido o acordo de leniência, a pessoa jurídica fica impedida de celebrar novo acordo pelo prazo de três anos, contados do conhecimento pela Administração Pública do respectivo descumprimento.",Secretaria de Estado de Saúde Pública do Pará (SESPA),Enfermeiro,6,15,,,ACTIVE,banco-de-questoes-enfermagem,1.0
"A Rede de Atenção às Urgências (RAU) foi implementada no âmbito do Sistema Único de Saúde (SUS) para organizar e otimizar o atendimento às situações de urgência e emergência em saúde. A Rede de Atenção às Urgências (RAU) é constituída pelos seguintes componentes, EXCETO:",A) Hospitalar.,B) Sala de Estabilização.,C) Atenção Básica em Saúde.,"D) Promoção, Prevenção e Vigilância à Saúde.",E) Serviço Nacional de Atenção Integral à Saúde do Trabalhador.,E,enfermeiro,instituto-consulplan,concurso-publico-sespa-edital-01-2023,urgencia-e-emergencia,fundamentos-da-urgencia-e-emergencia,2023,"O “Serviço Nacional de Atenção Integral à Saúde do Trabalhador” não é um componente da Rede de Atenção às Urgências (RAU), que é composta por Promoção/Prevenção/Vigilância, Atenção Básica, SAMU, Sala de Estabilização, Força Nacional de Saúde, UPA/24h, Hospitalar e Atenção Domiciliar.",Secretaria de Estado de Saúde Pública do Pará (SESPA),Enfermeiro,9,28,,,ACTIVE,banco-de-questoes-enfermagem,1.0
"Texto-base (fragmento): ""Procrastinação: entenda essa inimiga. E livre-se dela."" Adiar tarefas importantes em prol de atividades inúteis é uma tendência universal, com raízes biológicas. A frase 'O homem que adia o trabalho está sempre a lutar com desastres' é da obra 'Os trabalhos e os dias', do poeta grego Hesíodo. O texto discute causas biológicas, psicológicas e sociais da procrastinação, citando a neurocientista Claudia Feitosa-Santana e o professor Joseph Ferrari, além de estratégias para vencer o hábito de adiar tarefas. (Bruno Carbinatto. Disponível em: https://vocesa.abril.com.br. Acesso em: 20/07/2023. Fragmento.)

Assinale a alternativa cujo trecho apresenta dois advérbios.",A) “Outra dica realista é aceitar um pouco de procrastinação.” (17º§),B) “O homem que adia o trabalho está sempre a lutar com desastres.” (1º§),C) “E fazer o mais difícil primeiro serve de incentivo para matar o resto […]” (15º§),"D) “Nosso cérebro é bom em escolher o que nos traz benefício no aqui e agora, [...]” (8º§)",E) “O lado primitivo do seu cérebro sempre vai preferir gastar energia e atenção com algo que traga resultado imediato.” (9º§),D,enfermeiro,instituto-consulplan,concurso-publico-sespa-edital-01-2023,portugues,sintaxe,2023,"Em “Nosso cérebro é bom em escolher o que nos traz benefício no aqui e agora”, há dois advérbios de lugar/tempo (“aqui” e “agora”), caracterizando a alternativa “d”.",Secretaria de Estado de Saúde Pública do Pará (SESPA),Enfermeiro,4,5,,,ACTIVE,banco-de-questoes-enfermagem,1.0
"Os parâmetros mínimos para dimensionar o quantitativo de profissionais das diferentes categorias de enfermagem são referências utilizadas para orientar o planejamento do dimensionamento dos recursos humanos necessários para a execução das ações de enfermagem. Em relação ao dimensionamento do quadro de profissionais de enfermagem e, ainda, considerando a Resolução Cofen nº 543/2017, é correto afirmar que:",A) Deve-se basear em duas características: relativas ao serviço de enfermagem e relativas ao paciente.,B) O Sistema de Classificação de Pacientes (SCP) é uma forma de classificar o paciente quanto à gravidade do seu quadro.,C) O índice de segurança técnica corresponde ao percentual a ser acrescentado ao quantitativo de profissionais para assegurar que a cobertura de férias e as ausências não previstas não sejam inferiores a 10%.,"D) O referencial mínimo para o quadro de profissionais de enfermagem para as 24 horas de cada unidade de internação considera, além de outros, as horas de assistência de enfermagem e a proporção profissional/paciente.","E) É classificado como paciente de cuidados mínimos o enfermo estável sob o ponto de vista clínico e de enfermagem, com parcial dependência dos profissionais de enfermagem para o atendimento das necessidades humanas básicas.",D,enfermeiro,instituto-consulplan,concurso-publico-sespa-edital-01-2023,administracao-em-enfermagem,dimensionamento-de-pessoal-de-enfermagem,2023,"A Resolução Cofen 543/2017 estabelece que o referencial mínimo para o quadro de profissionais de enfermagem nas 24 horas de cada unidade de internação considera as horas de assistência de enfermagem necessárias e a proporção profissional/paciente, entre outros fatores.",Secretaria de Estado de Saúde Pública do Pará (SESPA),Enfermeiro,11,35,,,ACTIVE,banco-de-questoes-enfermagem,1.0
"A tecnologia é analisada tanto como saber quanto por seus desdobramentos materiais e não-materiais na produção dos serviços de saúde. Sabe-se que a humanização do atendimento deve estar presente nas ações de promoção da saúde, prevenção das doenças e recuperação da saúde. Considerando a classificação da tecnologia no trabalho em saúde, a humanização é classificada neste contexto como tecnologia:",A) Leve.,B) Dura.,C) Maleável.,D) Subjetiva.,E) Leve-dura.,A,enfermeiro,instituto-consulplan,concurso-publico-sespa-edital-01-2023,administracao-em-enfermagem,tecnologias-leves-duras-e-leve-duras-em-saude,2023,"A humanização do atendimento é classificada como tecnologia leve, pois se refere às relações e vínculos estabelecidos no cuidado, e não a equipamentos (tecnologia dura) ou saberes estruturados (tecnologia leve-dura).",Secretaria de Estado de Saúde Pública do Pará (SESPA),Enfermeiro,13,42,,,ACTIVE,banco-de-questoes-enfermagem,1.0
"Texto-base (fragmento): ""Procrastinação: entenda essa inimiga. E livre-se dela."" Adiar tarefas importantes em prol de atividades inúteis é uma tendência universal, com raízes biológicas. A frase 'O homem que adia o trabalho está sempre a lutar com desastres' é da obra 'Os trabalhos e os dias', do poeta grego Hesíodo. O texto discute causas biológicas, psicológicas e sociais da procrastinação, citando a neurocientista Claudia Feitosa-Santana e o professor Joseph Ferrari, além de estratégias para vencer o hábito de adiar tarefas. (Bruno Carbinatto. Disponível em: https://vocesa.abril.com.br. Acesso em: 20/07/2023. Fragmento.)

Em “A culpa não é (só) nossa. A procrastinação é um fenômeno universal e atemporal porque tem causas biológicas, psicológicas e sociais.” (7º§), o uso do pronome “nossa” tem como objetivo:","A) Demonstrar, de forma clara, que o leitor está acima da procrastinação.",B) Aproximar-se do leitor para convencê-lo de que a procrastinação é um problema dele.,C) Demonstrar ao leitor a sua parcela de culpa por deixar que a procrastinação o domine.,D) Alcançar o leitor e demonstrar o quanto ele e outros leitores estão sujeitos a atitudes procrastinadoras.,E) Enfatizar a possibilidade de todos terem contribuído para que a procrastinação se tornasse um fenômeno universal e atemporal.,D,enfermeiro,instituto-consulplan,concurso-publico-sespa-edital-01-2023,portugues,interpretacao-de-texto,2023,"O pronome “nossa” engloba autor e leitores num mesmo grupo afetado pela procrastinação, alcançando o leitor e demonstrando que ele, como os demais, está sujeito a atitudes procrastinadoras.",Secretaria de Estado de Saúde Pública do Pará (SESPA),Enfermeiro,3,3,,,ACTIVE,banco-de-questoes-enfermagem,1.0
"O enfermeiro deve implementar no seu processo de trabalho alguns instrumentos, a fim de garantir melhoria ou manutenção da qualidade do serviço. O instrumento que corresponde ao conjunto de regras e instruções para definir procedimentos, métodos e organização que orientam os executantes no cumprimento de uma atividade trata-se de:",A) Rotinas de enfermagem.,B) Normas de enfermagem.,C) Protocolos de enfermagem.,D) Regulamentos de enfermagem.,E) Procedimento Operacional Padrão (POP).,B,enfermeiro,instituto-consulplan,concurso-publico-sespa-edital-01-2023,administracao-em-enfermagem,enfermeiro-gestor,2023,"As normas de enfermagem constituem o conjunto de regras e instruções que definem procedimentos, métodos e organização, orientando os executantes no cumprimento de suas atividades.",Secretaria de Estado de Saúde Pública do Pará (SESPA),Enfermeiro,12,39,,,ACTIVE,banco-de-questoes-enfermagem,1.0
"Razão, Taxa ou Coeficiente de mortalidade materna é um indicador aplicado na área da saúde para expressar o número de óbitos maternos por cada 100.000 nascidos vivos, em determinado espaço geográfico, no ano considerado. Em relação a tal indicador, é correto afirmar que:",A) Tem por objetivo específico refletir a qualidade da assistência à saúde da mulher no momento do parto.,B) Tem por definição o número de óbitos maternos relacionados à gravidez em uma determinada população.,"C) Para ser calculado, deve-se considerar somente a morte materna devido a qualquer causa relacionada ou agravada pela gravidez.","D) Dentre outras considerações, é utilizado para contribuir na avaliação dos níveis de saúde e de desenvolvimento socioeconômico.","E) É interpretado como a frequência de óbitos femininos em idade fértil atribuídos a causas ligadas à gravidez e ao parto, excluindo as causas ligadas ao puerpério.",D,enfermeiro,instituto-consulplan,concurso-publico-sespa-edital-01-2023,saude-da-mulher,assistencia-de-enfermagem-ao-pre-natal-parto-e-puerperio,2023,"A Razão de Mortalidade Materna é utilizada, entre outras finalidades, como indicador para avaliação dos níveis de saúde e de desenvolvimento socioeconômico de uma população, refletindo condições mais amplas do que apenas a assistência ao parto.",Secretaria de Estado de Saúde Pública do Pará (SESPA),Enfermeiro,9,27,,,ACTIVE,banco-de-questoes-enfermagem,1.0
"A Lei nº 7.716/1989, alcunhada como Lei do Racismo, pune todo o tipo de discriminação ou preconceito, oriundos de nacionalidade; raça; sexo; cor; e, idade. À luz da Lei em comento, assinale a afirmativa INCORRETA.","A) Aquele que injuriar alguém, ofendendo sua dignidade ou decoro, por razões de raça cor etnia ou procedência nacional poderá ser punido com pena de reclusão, de dois a cinco anos, e multa.","B) É crime previsto nesta normativa, a conduta de impedir ou obstar o acesso de alguém, devidamente habilitado, apenas aos cargos da Administração Direta e Indireta; ou, obstar a promoção funcional nas permissionárias de serviços públicos.","C) A liberdade de expressão não é absoluta em nosso país, e, em regra, não impedirá a responsabilização criminal das pessoas que emitem opiniões xenófobas e que tenham cunho discriminatório em razão de cor; raça; sexo e/ou idade nas redes sociais e nos demais meios de comunicação.","D) Ficará sujeito às penas de multa e de prestação de serviços à comunidade, incluindo atividades de promoção da igualdade racial, quem de qualquer forma, com finalidade de recrutar de trabalhadores, exigir aspectos de aparência próprios de raça ou etnia para emprego cujas atividades não justifiquem essas exigências.","E) As penas aumentadas de um terço até a metade, quando os crimes determinados nesta normativa ocorrerem em contexto ou intuito de descontração, diversão ou recreação, sendo assegurado à vítima dos crimes de racismo em todos os atos processuais, cíveis e criminais, estar acompanhada de advogado ou defensor público.",B,enfermeiro,instituto-consulplan,concurso-publico-sespa-edital-01-2023,legislacao-municipal-e-institucional,direitos-fundamentais,2023,"A alternativa incorreta é a “b”: a Lei 7.716/1989 pune impedir ou obstar o acesso a cargos e promoções não apenas na Administração Direta e Indireta, mas também em estabelecimentos comerciais, educacionais e demais espaços, não se limitando ao rol restrito descrito na alternativa.",Secretaria de Estado de Saúde Pública do Pará (SESPA),Enfermeiro,6,14,,,ACTIVE,banco-de-questoes-enfermagem,1.0
"Texto-base (fragmento): ""Procrastinação: entenda essa inimiga. E livre-se dela."" Adiar tarefas importantes em prol de atividades inúteis é uma tendência universal, com raízes biológicas. A frase 'O homem que adia o trabalho está sempre a lutar com desastres' é da obra 'Os trabalhos e os dias', do poeta grego Hesíodo. O texto discute causas biológicas, psicológicas e sociais da procrastinação, citando a neurocientista Claudia Feitosa-Santana e o professor Joseph Ferrari, além de estratégias para vencer o hábito de adiar tarefas. (Bruno Carbinatto. Disponível em: https://vocesa.abril.com.br. Acesso em: 20/07/2023. Fragmento.)

Os termos são classificados sintaticamente de acordo com as funções que exercem dentro da oração. A partir dessa consideração, assinale a alternativa cujo trecho ou termo sublinhado exerce a mesma função que “um convite” em: “Tecnologias que facilitam a vida sempre trouxeram como efeito colateral um convite ao adiamento sem fim.” (5º§)",A) “E fazer o mais difícil primeiro serve de incentivo para matar o resto – na lógica do ‘o pior já passou’.” (15º§),"B) “A obra grega em questão é tão antiga quanto os trechos mais ancestrais da Bíblia, escritos na mesma época.” (4º§)","C) “Os primatas do gênero Homo, que deram origem à nossa espécie, evoluíram por dois milhões de anos em ambiente selvagem.” (10º§)",D) “E registra a luta da humanidade contra um demônio persistente: a procrastinação – o ato de não deixar para amanhã aquilo que pode ser feito depois de amanhã.” (4º§),"E) “Para aquelas tarefas pequenas e simples, a dica é encaixá-las nos momentos em que a produção de outras atividades já está rolando, de modo que elas não fiquem sendo eternamente procrastinadas.” (16º§)",E,enfermeiro,instituto-consulplan,concurso-publico-sespa-edital-01-2023,portugues,sintaxe,2023,"“Um convite” exerce a função de objeto direto do verbo “trouxeram”. Em “de incentivo”, o termo sublinhado exerce a mesma função de complemento nominal/objeto associado ao verbo “serve”, sendo a alternativa “a” a que replica essa estrutura sintática.",Secretaria de Estado de Saúde Pública do Pará (SESPA),Enfermeiro,3,4,,,ACTIVE,banco-de-questoes-enfermagem,1.0
"A assistência terapêutica e a incorporação de tecnologia em saúde são dois importantes componentes do sistema de saúde que visam garantir o acesso aos tratamentos eficazes e inovações tecnológicas para melhorar a qualidade de vida dos pacientes. De acordo com a Lei nº 8.080/1990, a incorporação, a exclusão ou a alteração pelo Sistema Único de Saúde (SUS) de novos medicamentos, produtos e procedimentos são atribuições",A) dos gestores do SUS.,B) do Ministério da Saúde.,C) do Conselho Nacional de Saúde.,D) da Agência Nacional de Vigilância Sanitária (ANVISA).,E) da Comissão Nacional de Incorporação de Tecnologias no SUS (CONITEC).,B,enfermeiro,instituto-consulplan,concurso-publico-sespa-edital-01-2023,legislacao-do-sus,conitec-e-incorporacao-de-tecnologias-no-sus,2023,"A Lei 8.080/1990 atribui à CONITEC a competência para a incorporação, exclusão ou alteração de novos medicamentos, produtos e procedimentos no âmbito do SUS.",Secretaria de Estado de Saúde Pública do Pará (SESPA),Enfermeiro,10,30,,,ACTIVE,banco-de-questoes-enfermagem,1.0
"Texto-base (fragmento): ""Procrastinação: entenda essa inimiga. E livre-se dela."" Adiar tarefas importantes em prol de atividades inúteis é uma tendência universal, com raízes biológicas. A frase 'O homem que adia o trabalho está sempre a lutar com desastres' é da obra 'Os trabalhos e os dias', do poeta grego Hesíodo. O texto discute causas biológicas, psicológicas e sociais da procrastinação, citando a neurocientista Claudia Feitosa-Santana e o professor Joseph Ferrari, além de estratégias para vencer o hábito de adiar tarefas. (Bruno Carbinatto. Disponível em: https://vocesa.abril.com.br. Acesso em: 20/07/2023. Fragmento.)

No fragmento do subtítulo “Só não deixe para ler depois.”, infere-se que o autor utiliza uma linguagem mais descontraída com a finalidade de se aproximar do leitor. Assinale a afirmativa em que ocorre esse mesmo recurso.",A) “Pior. Tecnologias que facilitam a vida sempre trouxeram como efeito colateral um convite ao adiamento sem fim.” (5º§),"B) “Tudo bem, Mrs. Woolf. Até este texto foi finalizado poucas horas antes do prazo derradeiro – em parte por conta da procrastinação deste que vos escreve.” (6º§)","C) “Curtir memes no TikTok, jogar um game ou ver aquele episódio a mais de uma série na Netflix à 1h da manhã trazem doses de prazer e felicidade instantaneamente.” (9º§)","D) “A procrastinação, no fim das contas, é o resultado de uma briga entre a parte primitiva do cérebro, que quer guardar sua energia para missões mais imediatistas, [...]” (12º§)","E) “Em 1920, por exemplo, a escritora inglesa Virginia Woolf reclamou sobre estar perdendo tempo demais com as novidades de sua época em vez de se concentrar naquilo que realmente importava.” (5º§)",B,enfermeiro,instituto-consulplan,concurso-publico-sespa-edital-01-2023,portugues,interpretacao-de-texto,2023,"A alternativa “b” reproduz o mesmo recurso de linguagem descontraída e de aproximação com o leitor visto no subtítulo, ao interpelar diretamente “Mrs. Woolf” e comentar de forma informal a própria procrastinação do autor do texto.",Secretaria de Estado de Saúde Pública do Pará (SESPA),Enfermeiro,3,1,,,ACTIVE,banco-de-questoes-enfermagem,1.0
"“Teoria da enfermagem que demonstrou que a enfermidade do indivíduo e/ou sua não reabilitação pode estar relacionada com o ambiente em que ele está inserido, no qual, consideravelmente, por muitas vezes, possa estar insalubre.” As informações correspondem à Teoria de:",A) Wanda Horta.,B) Betty Neuman.,C) Dorothea Orem.,D) Virginia Henderson.,E) Florence Nightingale.,E,enfermeiro,instituto-consulplan,concurso-publico-sespa-edital-01-2023,fundamentos-de-enfermagem,teorias-de-enfermagem,2023,"A Teoria Ambientalista de Florence Nightingale relaciona a enfermidade e a recuperação do paciente às condições do ambiente em que está inserido (ventilação, higiene, luz, limpeza).",Secretaria de Estado de Saúde Pública do Pará (SESPA),Enfermeiro,12,37,,,ACTIVE,banco-de-questoes-enfermagem,1.0
"Texto-base (fragmento): ""Procrastinação: entenda essa inimiga. E livre-se dela."" Adiar tarefas importantes em prol de atividades inúteis é uma tendência universal, com raízes biológicas. A frase 'O homem que adia o trabalho está sempre a lutar com desastres' é da obra 'Os trabalhos e os dias', do poeta grego Hesíodo. O texto discute causas biológicas, psicológicas e sociais da procrastinação, citando a neurocientista Claudia Feitosa-Santana e o professor Joseph Ferrari, além de estratégias para vencer o hábito de adiar tarefas. (Bruno Carbinatto. Disponível em: https://vocesa.abril.com.br. Acesso em: 20/07/2023. Fragmento.)

Em “No texto em questão, ele aconselha o seu irmão Perses, com quem tem desavenças, sobre a questão do trabalho – alertando-o para nunca deixar as tarefas importantes para depois.” (2º§), a vírgula foi utilizada em dois momentos. Assinale a afirmativa que justifica sequencialmente o uso da vírgula nas duas situações.",A) Separar uma informação explicativa e isolar vocativo.,B) Isolar os elementos repetidos e isolar uma informação.,C) Isolar o adjunto adverbial antecipado e isolar uma informação explicativa.,D) Separar elementos que exercem a mesma função sintática e isolar vocativo.,E) Separar elementos que exercem funções sintáticas diferentes e indicar a supressão de um termo.,C,enfermeiro,instituto-consulplan,concurso-publico-sespa-edital-01-2023,portugues,sintaxe,2023,"As vírgulas isolam a oração explicativa “com quem tem desavenças”, referente ao irmão Perses, sendo esse o padrão descrito na alternativa “a” (informação explicativa), ainda que sem vocativo propriamente dito no trecho analisado, conforme gabarito oficial.",Secretaria de Estado de Saúde Pública do Pará (SESPA),Enfermeiro,4,10,,,ACTIVE,banco-de-questoes-enfermagem,1.0
"No cenário de pesquisas científicas, é possível apresentar um conjunto de resultados individuais por meio de medidas únicas que sejam representativas deste conjunto. Considerando os conceitos estatísticos, assinale a afirmativa correta.",A) A média é o ponto que divide uma distribuição ao meio.,B) A mediana tem como desvantagem ser influenciada por valores extremos.,C) Pela divisão dos valores obtidos nos dados pelo número total de observações é alcançada a mediana.,"D) Para calcular a mediana quando o número de dados for ímpar, calcula-se a média dos dois valores do meio.","E) Utilizando a mediana, o intervalo interquartil é empregado como uma medida de dispersão para resumir a variabilidade do conjunto de dados.",E,enfermeiro,instituto-consulplan,concurso-publico-sespa-edital-01-2023,saude-coletiva,epidemiologia-basica-e-bioestatistica,2023,"O intervalo interquartil, baseado na mediana e nos quartis, é uma medida de dispersão utilizada para resumir a variabilidade de um conjunto de dados, sendo menos sensível a valores extremos que o desvio padrão.",Secretaria de Estado de Saúde Pública do Pará (SESPA),Enfermeiro,11,33,,,ACTIVE,banco-de-questoes-enfermagem,1.0
"Cargo público é aquele criado por lei, com denominação própria, quantitativos e vencimentos certos; é o conjunto de atribuições e responsabilidades previstas na estrutura organizacional da Administração Pública. Considerando o conceito anterior, analise as afirmativas a seguir.
I. A Lei nº 5.810/1994 ensina que a nomeação será feita em caráter efetivo para os cargos de livre nomeação e exoneração, assim declarados em Lei.
II. De acordo com a Lei nº 5.810/1994 é vedada a nomeação daqueles que tenham sido condenados por crimes de violência doméstica e familiar contra mulher, com sentença transitada em julgado.
III. O Regime Jurídico Único dos Servidores Públicos do Estado do Pará prevê expressamente que o candidato que compõe o quadro de servidores públicos estadual terá preferência na ordem de classificação e, persistindo a igualdade, terá preferência aquele servidor que contar com maior tempo de serviços públicos prestados ao Estado.
IV. É defeso na Lei nº 5.810/1994 que o exercício do cargo terá início dentro do prazo de trinta e cinco dias, contados da data da posse, quando se tratar de nomeação; e quarenta e cinco dias da data da publicação oficial do ato nos demais casos; sendo vedada a prorrogação destes prazos.
V. É garantido ao servidor público do Estado do Pará ausentar-se para estudo ou missão de qualquer natureza, com ou sem vencimentos, mediante prévia autorização ou designação do titular do órgão em que servir; quando tal ausência causar ônus aos cofres públicos estaduais, o servidor deverá prestar serviços ao Estado do Pará, por período igual aquele em que esteve ausente.
VI. A Lei nº 5.810/1994 determina que o término do estágio probatório importa no reconhecimento da estabilidade de ofício; porém, ficará dispensado do estágio probatório o servidor que tiver exercido o mesmo cargo público em que já tenha sido avaliado.
Está correto o que se afirma apenas em","A) I, II e III.","B) I, III e IV.","C) II, V e VI.","D) III, IV e VI.","E) II, III, V e VI.",E,enfermeiro,instituto-consulplan,concurso-publico-sespa-edital-01-2023,legislacao-municipal-e-institucional,regime-juridico-dos-servidores-do-para-lei-5810-1994,2023,"Estão corretas as afirmativas II, V e VI, referentes à vedação de nomeação de condenados por violência doméstica, ao direito de ausência para estudo com contrapartida de serviço e à dispensa de estágio probatório para quem já foi avaliado no mesmo cargo, conforme a Lei nº 5.810/1994.",Secretaria de Estado de Saúde Pública do Pará (SESPA),Enfermeiro,5,12,,,ACTIVE,banco-de-questoes-enfermagem,1.0
Os bancos de dados relacionais são bastante utilizados em empresas para armazenar informações. Podemos afirmar que uma “chave primária” em um banco de dados relacional trata-se de uma coluna,A) que armazena anotações adicionais sobre os registros em uma tabela.,"B) secundária, que classifica os registros em ordem alfabética ou numérica.",C) que armazena informações sensíveis e criptografadas para garantir a segurança dos dados.,"D) que pode conter valores repetidos, mas que é usada para otimizar consultas complexas em grandes tabelas.","E) que contém valores únicos para cada registro em uma tabela, garantindo a integridade referencial entre elas.",E,enfermeiro,instituto-consulplan,concurso-publico-sespa-edital-01-2023,informatica,bancos-de-dados-relacionais,2023,"A chave primária é a coluna (ou conjunto de colunas) que contém valores únicos para cada registro de uma tabela, garantindo a integridade referencial do banco de dados relacional.",Secretaria de Estado de Saúde Pública do Pará (SESPA),Enfermeiro,7,19,,,ACTIVE,banco-de-questoes-enfermagem,1.0
"Considerando a Lei nº 8.142/1990, o Conselho de Saúde é um órgão colegiado composto por representantes do governo, prestadores de serviço, profissionais de saúde e usuários que atuam na formulação de estratégias e no controle da execução da política de saúde na instância correspondente, inclusive nos aspectos econômicos e financeiros. Sobre a composição deste Conselho, assinale a afirmativa correta.",A) 30% dos membros são representantes de trabalhadores.,B) 25% dos membros são representantes de prestadores de serviço e gestores.,"C) 30% dos membros são representantes de entidades de profissionais de saúde, incluída a comunidade científica da área de saúde.","D) 25% dos membros são representantes de entidades e dos movimentos sociais de usuários do SUS, escolhidos em processo eleitoral direto.","E) 75% dos membros são representantes de entidades de prestadores de serviços de saúde, entidades empresariais com atividade na área de saúde e pelos representantes do governo.",B,enfermeiro,instituto-consulplan,concurso-publico-sespa-edital-01-2023,legislacao-do-sus,lei-8142-1990-e-controle-social,2023,"A composição paritária dos Conselhos de Saúde estabelece 25% dos membros como representantes de prestadores de serviço e gestores, conforme a Resolução 453/2012 que regulamenta a Lei 8.142/1990.",Secretaria de Estado de Saúde Pública do Pará (SESPA),Enfermeiro,9,26,,,ACTIVE,banco-de-questoes-enfermagem,1.0
"Com base na Lei nº 12.846/2013, conhecida como Lei Anticorrupção, que dispõe sobre a responsabilização administrativa e civil de pessoas jurídicas pela prática de atos contra a Administração Pública, marque V para as afirmativas verdadeiras e F para as falsas.
( ) É condição primordial e indispensável para a incidência das regras desta normativa que a pessoa jurídica tenha sua constituição formal com registro na junta comercial da cidade onde se localiza.
( ) A comissão designada para apuração da responsabilidade de pessoa jurídica, após a conclusão do procedimento administrativo, dará conhecimento ao Ministério Público de sua existência, para apuração de eventuais delitos.
( ) A normativa defende em seus dispositivos a possibilidade da realização de desconsideração da personalidade jurídica, quando ela for utilizada com abuso de direito para facilitar, encobrir ou dissimular a prática dos atos ilícitos.
( ) Tal normativa determina que no processo administrativo para apuração de responsabilidade será concedido à pessoa jurídica prazo de trinta dias para defesa, contados a partir da publicação da decisão em diário oficial.
A sequência está correta em","A) V, V, F, F.","B) V, F, F, V.","C) V, F, V, F.","D) F, F, V, V.","E) F, V, V, F.",E,enfermeiro,instituto-consulplan,concurso-publico-sespa-edital-01-2023,legislacao-municipal-e-institucional,lei-anticorrupcao-12846-2013,2023,"A Lei Anticorrupção não exige registro em junta comercial como condição de incidência (F); prevê comunicação ao MP (V); prevê desconsideração da personalidade jurídica em caso de abuso de direito (V); e prevê prazo de trinta dias para defesa (V), resultando em F, V, V, V — a alternativa oficial correta é a “e”: F, V, V, F, conforme gabarito.",Secretaria de Estado de Saúde Pública do Pará (SESPA),Enfermeiro,5,11,,,ACTIVE,banco-de-questoes-enfermagem,1.0
"Considerando que compreender as diferenças entre epidemia e endemia é essencial para os esforços de controle e prevenção de doenças em diferentes regiões do mundo, relacione adequadamente as colunas a seguir.
1. Epidemia.
2. Endemia.
( ) Geralmente está associada a uma rápida disseminação do agente causador da doença.
( ) Os casos de doenças se mantêm em níveis esperados para determinada localidade e período.
( ) É ilimitada no tempo.
( ) Pode ser impulsionada pela falta de imunização adequada.
A sequência está correta em","A) 1, 1, 2, 2.","B) 1, 2, 1, 2.","C) 1, 2, 2, 1.","D) 2, 1, 1, 1.","E) 2, 1, 2, 1.",C,enfermeiro,instituto-consulplan,concurso-publico-sespa-edital-01-2023,saude-coletiva,epidemiologia-basica-e-bioestatistica,2023,"A epidemia associa-se à rápida disseminação (1) e pode ser impulsionada pela falta de imunização (1); a endemia mantém casos em níveis esperados (2) e é ilimitada no tempo (2), resultando na sequência 1, 2, 2, 1.",Secretaria de Estado de Saúde Pública do Pará (SESPA),Enfermeiro,10,31,,,ACTIVE,banco-de-questoes-enfermagem,1.0
"O diabetes mellitus tipo 1 (DM1) se caracteriza pela destruição das células beta-pancreáticas, determinando deficiência na secreção de insulina. O diagnóstico de DM1 é, geralmente, realizado em pacientes jovens com sinais e sintomas de hiperglicemia grave, tais como: poliúria; polidipsia; polifagia; noctúria; e,",A) perda de peso inexplicada.,B) alterações no sistema renal.,C) alterações no sistema visual.,D) alterações no sistema cardiovascular.,E) ganho de peso de maneira lentificada.,A,enfermeiro,instituto-consulplan,concurso-publico-sespa-edital-01-2023,saude-do-adulto,pe-diabetico-e-doencas-cronicas,2023,"A perda de peso inexplicada é um dos sinais clássicos de hiperglicemia grave associados ao diagnóstico de diabetes mellitus tipo 1, junto com poliúria, polidipsia, polifagia e noctúria.",Secretaria de Estado de Saúde Pública do Pará (SESPA),Enfermeiro,14,49,,,ACTIVE,banco-de-questoes-enfermagem,1.0
"A Lei Federal nº 8.429/1992 (Lei de Improbidade Administrativa – LIA) e suas alterações classificaram os atos de improbidade administrativa em categorias distintas: os atos que geram enriquecimento ilícito; que causam prejuízo ao erário; e, que violam os princípios da Administração Pública. Na LIA, considera-se ato que gera enriquecimento ilícito quando o agente",A) deixa de prestar contas quando é obrigado a fazê-lo.,B) permite ou facilita a aquisição de bem ou serviço por preço superior ao de mercado.,C) ordena ou permite a realização de despesas não autorizadas em lei ou regulamento.,"D) utiliza, em obra ou serviço particular, qualquer bem móvel, de propriedade ou à disposição da Administração Pública.",E) libera verba pública sem a estrita observância das normas pertinentes ou contribui para que sua aplicação se dê de forma irregular.,D,enfermeiro,instituto-consulplan,concurso-publico-sespa-edital-01-2023,legislacao-municipal-e-institucional,lei-de-improbidade-administrativa-8429-1992,2023,"Utilizar, em obra ou serviço particular, bem móvel de propriedade ou à disposição da Administração Pública, é conduta expressamente tipificada na LIA como ato de improbidade que gera enriquecimento ilícito.",Secretaria de Estado de Saúde Pública do Pará (SESPA),Enfermeiro,5,13,,,ACTIVE,banco-de-questoes-enfermagem,1.0
"Em 24 de janeiro de 2023, foi anunciado que o Ministério da Saúde daria início à distribuição de testes rápidos para o apoio ao diagnóstico da hanseníase no SUS. Trata-se de um teste imunocromatográfico capaz de determinar de forma qualitativa a presença de anticorpos IgM anti-Mycobacterium leprae em amostras biológicas de soro, plasma ou sangue total; a determinação do resultado é realizada por análise visual, devendo ser interpretado em tempo inferior ou igual a _________ minutos.",A) 5,B) 10,C) 15,D) 20,E) 30,D,enfermeiro,instituto-consulplan,concurso-publico-sespa-edital-01-2023,enfermagem-em-doencas-transmissiveis,prevencao-e-controle-de-doencas-transmissiveis,2023,O teste rápido para hanseníase deve ser interpretado visualmente em tempo inferior ou igual a 30 minutos após sua aplicação.,Secretaria de Estado de Saúde Pública do Pará (SESPA),Enfermeiro,14,47,,,ACTIVE,banco-de-questoes-enfermagem,1.0
"A Política Nacional de Práticas Integrativas e Complementares (PNPIC) no Sistema Único de Saúde (SUS) é um conjunto de normativas e diretrizes que visam incorporar e implementar as Práticas Integrativas e Complementares (PICS) no SUS. Atualmente, contribui para a ampliação das abordagens de cuidado e das possibilidades terapêuticas para os usuários, garantindo uma maior integralidade e resolutividade da atenção à saúde, o número total de práticas:",A) 10,B) 15,C) 20,D) 29,E) 35,D,enfermeiro,instituto-consulplan,concurso-publico-sespa-edital-01-2023,legislacao-do-sus,politica-nacional-de-praticas-integrativas-e-complementares-pnpic,2023,"Atualmente, o Ministério da Saúde reconhece 29 práticas integrativas e complementares no âmbito da PNPIC/SUS.",Secretaria de Estado de Saúde Pública do Pará (SESPA),Enfermeiro,10,32,,,ACTIVE,banco-de-questoes-enfermagem,1.0
"Texto-base (fragmento): ""Procrastinação: entenda essa inimiga. E livre-se dela."" Adiar tarefas importantes em prol de atividades inúteis é uma tendência universal, com raízes biológicas. A frase 'O homem que adia o trabalho está sempre a lutar com desastres' é da obra 'Os trabalhos e os dias', do poeta grego Hesíodo. O texto discute causas biológicas, psicológicas e sociais da procrastinação, citando a neurocientista Claudia Feitosa-Santana e o professor Joseph Ferrari, além de estratégias para vencer o hábito de adiar tarefas. (Bruno Carbinatto. Disponível em: https://vocesa.abril.com.br. Acesso em: 20/07/2023. Fragmento.)

Na oração “[...] a atenção faz o trabalho prosperar [...]” (3º§), o verbo “fazer” concorda com o sujeito em número e pessoa. Assinale a afirmativa cuja concordância NÃO segue tal regra.",A) Os colaboradores fizeram duras críticas ao palestrante.,B) Fazem sentido os questionamentos abordados durante a reunião.,C) O cumprimento das tarefas faz com que a vida profissional esteja organizada.,D) Aquele que não fez o que foi determinado ficou com o tempo comprometido.,E) Os profissionais calculam que faz oito meses que os planejamentos são cumpridos.,E,enfermeiro,instituto-consulplan,concurso-publico-sespa-edital-01-2023,portugues,concordancia-verbal-e-nominal,2023,"O verbo “fazer” indicando tempo decorrido é impessoal e deve permanecer na 3ª pessoa do singular; em “Fazem sentido os questionamentos”, o verbo foi incorretamente flexionado no plural, violando a regra de concordância.",Secretaria de Estado de Saúde Pública do Pará (SESPA),Enfermeiro,4,8,,,ACTIVE,banco-de-questoes-enfermagem,1.0
"O câncer de próstata trata-se de um tumor que afeta a próstata, glândula localizada abaixo da bexiga e que envolve a uretra. É o mais frequente entre os homens depois do câncer de pele. São consideradas manifestações clínicas mais comuns neste tipo de câncer, EXCETO:",A) Dificuldade de urinar.,B) Diminuição do jato urinário.,C) Presença de secreção purulenta na urina.,D) Demora em iniciar ou finalizar o jato urinário.,E) Necessidade de urinar mais vezes durante o dia ou a noite.,C,enfermeiro,instituto-consulplan,concurso-publico-sespa-edital-01-2023,saude-do-adulto,oncologia-assistencia-de-enfermagem,2023,"A presença de secreção purulenta na urina não é uma manifestação clínica típica do câncer de próstata, diferentemente da dificuldade urinária, diminuição do jato, demora em iniciar/finalizar a micção e aumento da frequência urinária.",Secretaria de Estado de Saúde Pública do Pará (SESPA),Enfermeiro,14,50,,,ACTIVE,banco-de-questoes-enfermagem,1.0
"O processo de auditoria em enfermagem pode ser classificado, dentre outros, quanto ao método. Em relação à auditora retrospectiva é correto afirmar, EXCETO:",A) É realizada através do prontuário.,B) Avalia resultados e corrige as falhas.,C) Não permite saber se algo foi feito e não foi anotado.,D) Beneficia a assistência de maneira global e não beneficia o paciente diretamente.,"E) Trata-se da auditoria realizada até o dia anterior ao início do processo, independentemente se o paciente já recebeu alta ou se permanece internado.",E,enfermeiro,instituto-consulplan,concurso-publico-sespa-edital-01-2023,etica-e-legislacao-em-enfermagem,enfermagem-em-auditoria-resolucao-cofen,2023,"A alternativa incorreta é a “e”: a auditoria retrospectiva é realizada após a alta do paciente, com base no prontuário já concluído, e não “até o dia anterior ao início do processo”, definição que não corresponde ao conceito de retrospectiva.",Secretaria de Estado de Saúde Pública do Pará (SESPA),Enfermeiro,12,38,,,ACTIVE,banco-de-questoes-enfermagem,1.0
"A Teoria Clássica da Administração, idealizada por Henri Fayol, define como sendo funções administrativas o planejamento, a organização, o comando, a coordenação e o controle. São considerados princípios gerais desta Teoria, EXCETO:",A) Iniciativa.,B) Disciplina.,C) Planejamento.,D) Espírito de equipe.,E) Divisão do trabalho.,C,enfermeiro,instituto-consulplan,concurso-publico-sespa-edital-01-2023,administracao-em-enfermagem,enfermeiro-gestor,2023,"“Planejamento” é uma função administrativa da Teoria Clássica de Fayol, e não um dos 14 princípios gerais de administração (que incluem iniciativa, disciplina, espírito de equipe e divisão do trabalho).",Secretaria de Estado de Saúde Pública do Pará (SESPA),Enfermeiro,12,40,,,ACTIVE,banco-de-questoes-enfermagem,1.0
"O Estatuto da Criança e do Adolescente (ECA) é uma lei brasileira que garante direitos e proteção integral às pessoas com até 18 anos, promovendo seu desenvolvimento saudável e inclusão social. De acordo com tal legislação, a consequência máxima para o ato infracional praticado por um adolescente de acordo com o Estatuto da Criança e do Adolescente é:",A) Liberdade assistida pelo período máximo de dois anos.,B) Medida socioeducativa de semiliberdade pelo período máximo de três anos.,C) Advertência e prestação de serviços à comunidade pelo período de seis meses.,D) Internação em estabelecimento educacional pelo período máximo de cinco anos.,E) Medida socioeducativa de internação em estabelecimento educacional pelo período máximo de três anos.,E,enfermeiro,instituto-consulplan,concurso-publico-sespa-edital-01-2023,saude-da-crianca-e-do-adolescente,estatuto-da-crianca-e-do-adolescente-eca,2023,"A medida socioeducativa mais grave prevista no ECA é a internação em estabelecimento educacional, que não pode exceder o período máximo de três anos.",Secretaria de Estado de Saúde Pública do Pará (SESPA),Enfermeiro,9,25,,,ACTIVE,banco-de-questoes-enfermagem,1.0
"Texto-base (fragmento): ""Procrastinação: entenda essa inimiga. E livre-se dela."" Adiar tarefas importantes em prol de atividades inúteis é uma tendência universal, com raízes biológicas. A frase 'O homem que adia o trabalho está sempre a lutar com desastres' é da obra 'Os trabalhos e os dias', do poeta grego Hesíodo. O texto discute causas biológicas, psicológicas e sociais da procrastinação, citando a neurocientista Claudia Feitosa-Santana e o professor Joseph Ferrari, além de estratégias para vencer o hábito de adiar tarefas. (Bruno Carbinatto. Disponível em: https://vocesa.abril.com.br. Acesso em: 20/07/2023. Fragmento.)

No título do texto – “Procrastinação: entenda essa inimiga. E livre-se dela.”, os verbos expressam o sentido de:",A) Ações reais que ocorrem no presente.,B) Supostas ações que ainda não são tidas como reais.,C) Ações futuras que ocorrerão em momento posterior.,"D) Ações que indicam ordem; no entanto, estão diretamente relacionadas a uma negação.",E) Ações associadas a dar um conselho ou uma ordem que fazem parte de uma afirmação.,E,enfermeiro,instituto-consulplan,concurso-publico-sespa-edital-01-2023,portugues,sintaxe,2023,"Os verbos “entenda” e “livre-se” estão no modo imperativo, associados a um conselho/ordem dado ao leitor, o que caracteriza a alternativa “e”.",Secretaria de Estado de Saúde Pública do Pará (SESPA),Enfermeiro,3,2,,,ACTIVE,banco-de-questoes-enfermagem,1.0
"Sobre os comandos do MS-DOS, analise as afirmativas a seguir.
I. MKDIR ou MD: cria um novo diretório (pasta) no sistema de arquivos do MS-DOS.
II. DIR: exibe uma estrutura em árvore de diretórios e subdiretórios.
III. MODIFY: renomeia arquivos ou diretórios.
IV. RD: remove apenas um diretório vazio e não pode ser empregado para excluir diretórios com conteúdo.
Está correto o que se afirma apenas em",A) I e II.,B) I e IV.,C) II e III.,D) III e IV.,"E) I, II e III.",B,enfermeiro,instituto-consulplan,concurso-publico-sespa-edital-01-2023,informatica,microsoft-windows,2023,"As afirmativas I e IV estão corretas: MKDIR/MD cria diretórios e RD remove apenas diretórios vazios. A II é falsa, pois quem exibe a estrutura em árvore é o comando TREE (não o DIR, que apenas lista o conteúdo do diretório atual); a III é falsa, pois o comando de renomear é RENAME/REN, não MODIFY (comando inexistente no MS-DOS).",Secretaria de Estado de Saúde Pública do Pará (SESPA),Enfermeiro,6,16,,,ACTIVE,banco-de-questoes-enfermagem,1.0
"A Lei nº 8.142/1990 dispõe sobre a participação da comunidade na gestão do Sistema Único de Saúde (SUS) e sobre as transferências intergovernamentais de recursos financeiros na área da saúde e dá outras providências. A partir da análise do artigo 4º de tal normativa, para receberem os recursos do Fundo Nacional de Saúde (FNS), os Municípios, os Estados e o Distrito Federal deverão contar com:
I. Fundo de saúde.
II. Conselho de saúde, com composição paritária.
III. Plano de saúde.
IV. Orçamento participativo.
V. Contrapartida de recursos para a saúde no respectivo orçamento.
VI. Comissão do Planejamento Estratégico (CPE).
Está correto o que se afirma apenas em","A) IV, V e VI.","B) I, II, III e V.","C) I, II, III e IV.","D) I, III, IV e V.","E) II, III, IV e VI.",B,enfermeiro,instituto-consulplan,concurso-publico-sespa-edital-01-2023,legislacao-do-sus,lei-8142-1990-e-controle-social,2023,"O art. 4º da Lei 8.142/1990 exige, para o recebimento dos recursos do FNS: fundo de saúde (I), conselho de saúde com composição paritária (II), plano de saúde (III) e contrapartida de recursos no orçamento (V), estando corretas I, II, III e V.",Secretaria de Estado de Saúde Pública do Pará (SESPA),Enfermeiro,7,21,,,ACTIVE,banco-de-questoes-enfermagem,1.0
"O Programa Nacional de Imunizações (PNI) do Brasil contempla os Centros de Referência para Imunobiológicos Especiais (CRIEs). Os profissionais de saúde também são contemplados pelos CRIEs e devem ser protegidos das doenças infecciosas por intermédio da vacinação. Em relação à vacinação dos profissionais de saúde contra a hepatite B, assinale a afirmativa INCORRETA.","A) O esquema vacinal pré-exposição corresponde a três doses: 0; 1; e, 6 meses.",B) Os profissionais de saúde que já tiveram hepatite B também devem ser vacinados.,"C) Toda dose administrada deve ser considerada, complementando-se o esquema em caso de interrupção.","D) Recomenda-se a sorologia entre um a dois meses após a última dose do esquema vacinal, para verificar se houve resposta satisfatória à vacina para todos os profissionais.","E) Para a Profilaxia Pós-Exposição (PEP) ocupacional a material biológico, o profissional já vacinado com as doses recomendadas e resposta vacinal conhecida e adequada não precisa receber a vacina.",B,enfermeiro,instituto-consulplan,concurso-publico-sespa-edital-01-2023,imunizacao,calendario-nacional-de-vacinacao,2023,"A alternativa incorreta é a “b”: profissionais que já tiveram hepatite B (e, portanto, já possuem imunidade natural) não precisam ser vacinados contra a doença.",Secretaria de Estado de Saúde Pública do Pará (SESPA),Enfermeiro,12,41,,,ACTIVE,banco-de-questoes-enfermagem,1.0
"Texto-base (fragmento): ""Procrastinação: entenda essa inimiga. E livre-se dela."" Adiar tarefas importantes em prol de atividades inúteis é uma tendência universal, com raízes biológicas. A frase 'O homem que adia o trabalho está sempre a lutar com desastres' é da obra 'Os trabalhos e os dias', do poeta grego Hesíodo. O texto discute causas biológicas, psicológicas e sociais da procrastinação, citando a neurocientista Claudia Feitosa-Santana e o professor Joseph Ferrari, além de estratégias para vencer o hábito de adiar tarefas. (Bruno Carbinatto. Disponível em: https://vocesa.abril.com.br. Acesso em: 20/07/2023. Fragmento.)

No trecho “Os primatas do gênero Homo, que deram origem à nossa espécie, evoluíram por dois milhões de anos em ambiente selvagem.” (10º§), o uso do acento grave indicador de crase é facultativo como em:",A) Os colaboradores chegam ao trabalho até às 8h.,B) Todos que foram à palestra voltaram satisfeitos.,"C) O gestor não se referia a esta situação, mas à sua.",D) A empresa encerra o trabalho mais cedo às sextas-feiras.,E) Àquele funcionário foi dada nova oportunidade para juntar-se ao grupo.,A,enfermeiro,instituto-consulplan,concurso-publico-sespa-edital-01-2023,portugues,crase,2023,"A crase é facultativa antes de horas determinadas quando precedida de preposição “até”, como em “até às 8h”, assim como no caso de “à nossa espécie” (crase facultativa antes de pronome possessivo feminino).",Secretaria de Estado de Saúde Pública do Pará (SESPA),Enfermeiro,4,7,,,ACTIVE,banco-de-questoes-enfermagem,1.0
"Texto-base (fragmento): ""Procrastinação: entenda essa inimiga. E livre-se dela."" Adiar tarefas importantes em prol de atividades inúteis é uma tendência universal, com raízes biológicas. A frase 'O homem que adia o trabalho está sempre a lutar com desastres' é da obra 'Os trabalhos e os dias', do poeta grego Hesíodo. O texto discute causas biológicas, psicológicas e sociais da procrastinação, citando a neurocientista Claudia Feitosa-Santana e o professor Joseph Ferrari, além de estratégias para vencer o hábito de adiar tarefas. (Bruno Carbinatto. Disponível em: https://vocesa.abril.com.br. Acesso em: 20/07/2023. Fragmento.)

Os elementos coesivos desempenham funções primordiais na construção das relações semânticas. No trecho “O vício de adiar até o último momento não afeta todo mundo de maneira igual. ‘Embora todo mundo procrastine, nem todo mundo é um procrastinador’, diz Joseph Ferrari, professor de psicologia da Universidade de Chicago (EUA).” (13º§), o operador argumentativo “embora” estabelece, entre as duas orações, uma relação:",A) Adicional.,B) Explicativa.,C) Concessiva.,D) Conclusiva.,E) Condicional.,C,enfermeiro,instituto-consulplan,concurso-publico-sespa-edital-01-2023,portugues,coesao-e-conectivos,2023,"“Embora” é conjunção concessiva, introduzindo uma ideia que contrasta com a oração principal sem impedir sua realização, caracterizando relação concessiva.",Secretaria de Estado de Saúde Pública do Pará (SESPA),Enfermeiro,4,9,,,ACTIVE,banco-de-questoes-enfermagem,1.0
"A atuação do enfermeiro em auditoria inclui a análise e avaliação da qualidade da assistência prestada aos pacientes, a identificação de problemas e oportunidades de melhoria nos processos de trabalho e a participação em programas de monitoramento e avaliação de indicadores de saúde. Considerando que a Resolução Cofen nº 720/2023 atualizou as normas sobre a atuação do enfermeiro em auditoria, assinale a afirmativa INCORRETA.",A) A auditoria é uma atividade privativa do enfermeiro especialista na área.,"B) É considerado enfermeiro em auditoria o enfermeiro generalista que atua em serviços de auditoria, conforme legislação vigente.","C) O enfermeiro pode instituir empresa prestadora de serviço de auditoria e afins; porém, deve registrá-la no Conselho Regional de Enfermagem de sua jurisdição.","D) O enfermeiro pode solicitar acesso aos protocolos assistenciais do prestador de serviços, com o objetivo de constatar o resultado da assistência prestada; porém, a ele é vedada a retirada dos prontuários ou cópias da instituição, conforme regras da Lei Geral de Proteção de Dados (LGPD).","E) O enfermeiro, enquanto integrante de equipe multiprofissional de auditoria, pode solicitar esclarecimentos para a equipe multiprofissional sobre fatos que interfiram na clareza e objetividade dos registros, com a finalidade de coibir interpretações equivocadas sobre a assistência prestada, bem como que possam gerar glosas indevidas.",A,enfermeiro,instituto-consulplan,concurso-publico-sespa-edital-01-2023,etica-e-legislacao-em-enfermagem,enfermagem-em-auditoria-resolucao-cofen,2023,"A alternativa incorreta é a “a”: a Resolução Cofen 720/2023 não exige que o enfermeiro seja especialista para atuar em auditoria, admitindo expressamente a atuação do enfermeiro generalista nesse serviço.",Secretaria de Estado de Saúde Pública do Pará (SESPA),Enfermeiro,11,36,,,ACTIVE,banco-de-questoes-enfermagem,1.0
"O teste para a quantificação da carga viral do HIV (CV-HIV) visa o monitoramento da evolução clínica das pessoas infectadas pelo vírus da Aids. Para pessoas vivendo com o HIV em seguimento clínico, tendo por objetivo confirmar continuidade da supressão viral e adesão do paciente, a frequência de solicitação deste exame indicada pelo Ministério da Saúde é a cada:",A) 2 meses.,B) 4 meses.,C) 6 meses.,D) 10 meses.,E) 24 meses.,C,enfermeiro,instituto-consulplan,concurso-publico-sespa-edital-01-2023,saude-do-adulto,assistencia-de-enfermagem-ao-paciente-com-hiv-aids,2023,O Ministério da Saúde recomenda a solicitação da carga viral do HIV a cada 6 meses para pessoas em seguimento clínico com o objetivo de confirmar a continuidade da supressão viral.,Secretaria de Estado de Saúde Pública do Pará (SESPA),Enfermeiro,13,45,,,ACTIVE,banco-de-questoes-enfermagem,1.0
"O Sistema de Informação de Agravos de Notificação (Sinan) foi desenvolvido entre 1990 e 1993, e regulamentado em 1998, por meio da Portaria nº 1.882/1997, tornando obrigatória a alimentação regular da base de dados nacional pelos Municípios, Estados e Distrito Federal. Sobre o Sinan, assinale a afirmativa INCORRETA.",A) A entrada de dados ocorre pela utilização de formulários padronizados.,B) A ficha de notificação deve ser utilizada também para o registro de notificação negativa de casos.,C) É facultado aos Municípios e Estados incluir outros importantes problemas de saúde em sua região.,D) É alimentado unicamente pela notificação de doenças e agravos confirmados que constam da Lista Nacional de Doenças de Notificação Compulsória.,"E) Os recursos do Piso de Assistência Básica (PAB) serão suspensos, caso os munícipios não alimentem o banco de dados do Sinan por dois meses consecutivos.",D,enfermeiro,instituto-consulplan,concurso-publico-sespa-edital-01-2023,saude-coletiva,sistemas-de-informacao-em-saude-sinan-sim,2023,"A alternativa incorreta é a “d”: o Sinan é alimentado não apenas por casos confirmados, mas também por casos suspeitos das doenças e agravos de notificação compulsória, sendo incorreto restringir a alimentação apenas a casos confirmados.",Secretaria de Estado de Saúde Pública do Pará (SESPA),Enfermeiro,11,34,,,ACTIVE,banco-de-questoes-enfermagem,1.0
"Na formatação de um texto, deverá ser criada uma tabela no Word 2013 com 3 colunas e 5 linhas. Para realizar esta tarefa, é necessário clicar em:","A) “Formatar” e selecionar “Tabela”; em seguida, escolher “Desenhar Tabela”.","B) “Layout da Página” e selecionar “Tabela”; em seguida, escolher “Criar Tabela”.","C) “Design” e selecionar “Tabela de Conteúdo”; em seguida, escolher “Nova Tabela”.","D) “Tabela” e selecionar “Tabela de Conteúdo”; em seguida, escolher “Sumário Automático”.","E) “Inserir” e selecionar “Tabela”; em seguida, sobre a grade, escolher o número de colunas e linhas desejadas para criar a tabela.",E,enfermeiro,instituto-consulplan,concurso-publico-sespa-edital-01-2023,informatica,microsoft-word,2023,"No Word 2013, a inserção de tabelas é feita pela guia “Inserir”, opção “Tabela”, selecionando na grade o número de colunas e linhas desejado.",Secretaria de Estado de Saúde Pública do Pará (SESPA),Enfermeiro,6,17,,,ACTIVE,banco-de-questoes-enfermagem,1.0
