id,status,organization,contest,year,board,position,questions,pdf,answer_key,imported,reviewed,approved,package,observations,verified,pdf_available,answer_key_available
ebserh-2025,SEEDED,EBSERH,concurso-publico-ebserh-assistencial-edital-3-2024,2025,fgv,enfermeiro,59,docs/work/ebserh-2025/source.pdf,docs/work/ebserh-2025/gabarito.pdf,true,true,true,banco-de-questoes-enfermagem,"Prova 001 — produção oficial concluída: 59 questões (60 - 1 anulada) importadas, testadas no Portal do Aluno e publicadas (Pacote/Versão/Distribuição já ACTIVE)",YES,YES,YES
ebserh-2016,CONCLUIDA,EBSERH,concurso-publico-ebserh-nacional-edital-03-2015-area-assistencial,2016,instituto-aocp,enfermeiro,50,docs/work/ebserh-2016/source.pdf,docs/work/ebserh-2016/gabarito.pdf,true,true,true,banco-de-questoes-enfermagem,"Prova 002 — Enfermeiro Saúde Mental (HUOL-UFRN), TEMPLATE OFICIAL DE PRODUÇÃO V1. Nível de Validação B (Gabarito Definitivo confirmado oficialmente pelo Edital nº 30/EBSERH, conteúdo específico irrecuperável). Auditoria de importação aprovada: 0 erros de integridade, 0 duplicidades novas, 3 questões (Q06/Q07/Q08) sem imagem vinculada por limitação estrutural do schema. Homologada e publicada — acervo 1168→1218.",YES,YES,YES
pref-goiania-2022,CONCLUIDA,Prefeitura Municipal de Goiânia,concurso-publico-prefeitura-municipal-de-goiania-edital-001-2020,2022,centro-selecao-ufg,enfermeiro,50,docs/work/pref-goiania-2022/source.pdf,docs/work/pref-goiania-2022/gabarito.pdf,true,true,true,banco-de-questoes-enfermagem,"Prova 003 — Especialista em Saúde, Enfermeiro Geral (Edital 001/2020, Cronograma E, prova 26/06/2022). Nível de Validação A (Gabarito Preliminar e Definitivo obtidos integralmente na fonte oficial; 2 questões anuladas: Q08 e Q26). Auditoria de importação aprovada: 0 problemas em 18 pontos verificados. Acervo 1218→1266.",YES,YES,YES
ebserh-2024,PLANNED,EBSERH,ebserh,2024,fgv,enfermeiro,0,,,false,false,false,,"Concurso nacional EBSERH",,,
ebserh-2023,PLANNED,EBSERH,ebserh,2023,fgv,enfermeiro,0,,,false,false,false,,"Concurso nacional EBSERH",,,
ses-sp-2025,PLANNED,SES-SP,ses-sp,2025,vunesp,enfermeiro,0,,,false,false,false,,"Concurso estadual de enfermagem — São Paulo",,,
ses-sp-2024,PLANNED,SES-SP,ses-sp,2024,vunesp,enfermeiro,0,,,false,false,false,,"Concurso estadual de enfermagem — São Paulo",,,
ses-sp-2023,PLANNED,SES-SP,ses-sp,2023,vunesp,enfermeiro,0,,,false,false,false,,"Concurso estadual de enfermagem — São Paulo",,,
ses-rj-2025,PLANNED,SES-RJ,ses-rj,2025,fgv,enfermeiro,0,,,false,false,false,,"Concurso estadual de enfermagem — Rio de Janeiro",,,
ses-rj-2024,PLANNED,SES-RJ,ses-rj,2024,fgv,enfermeiro,0,,,false,false,false,,"Concurso estadual de enfermagem — Rio de Janeiro",,,
ses-rj-2023,PLANNED,SES-RJ,ses-rj,2023,fgv,enfermeiro,0,,,false,false,false,,"Concurso estadual de enfermagem — Rio de Janeiro",,,
ses-mg-2025,PLANNED,SES-MG,ses-mg,2025,fgv,enfermeiro,0,,,false,false,false,,"Concurso estadual de enfermagem — Minas Gerais",,,
ses-mg-2024,PLANNED,SES-MG,ses-mg,2024,fgv,enfermeiro,0,,,false,false,false,,"Concurso estadual de enfermagem — Minas Gerais",,,
ses-mg-2023,PLANNED,SES-MG,ses-mg,2023,fgv,enfermeiro,0,,,false,false,false,,"Concurso estadual de enfermagem — Minas Gerais",,,
ses-ba-2025,PLANNED,SES-BA,ses-ba,2025,idib,enfermeiro,0,,,false,false,false,,"Concurso estadual de enfermagem — Bahia",,,
ses-ba-2024,PLANNED,SES-BA,ses-ba,2024,idib,enfermeiro,0,,,false,false,false,,"Concurso estadual de enfermagem — Bahia",,,
ses-ba-2023,PLANNED,SES-BA,ses-ba,2023,idib,enfermeiro,0,,,false,false,false,,"Concurso estadual de enfermagem — Bahia",,,
ses-pe-2025,PLANNED,SES-PE,ses-pe,2025,Instituto Consulplan,enfermeiro,0,,,false,false,false,,"Concurso estadual de enfermagem — Pernambuco",,,
ses-pe-2024,PLANNED,SES-PE,ses-pe,2024,Instituto Consulplan,enfermeiro,0,,,false,false,false,,"Concurso estadual de enfermagem — Pernambuco",,,
ses-pe-2023,PLANNED,SES-PE,ses-pe,2023,Instituto Consulplan,enfermeiro,0,,,false,false,false,,"Concurso estadual de enfermagem — Pernambuco",,,
ses-pr-2025,PLANNED,SES-PR,ses-pr,2025,UFPR / NC,enfermeiro,0,,,false,false,false,,"Concurso estadual de enfermagem — Paraná",,,
ses-pr-2024,PLANNED,SES-PR,ses-pr,2024,UFPR / NC,enfermeiro,0,,,false,false,false,,"Concurso estadual de enfermagem — Paraná",,,
ses-pr-2023,PLANNED,SES-PR,ses-pr,2023,UFPR / NC,enfermeiro,0,,,false,false,false,,"Concurso estadual de enfermagem — Paraná",,,
pref-sao-paulo-2025,PLANNED,Prefeitura de São Paulo,prefeitura-sao-paulo,2025,vunesp,enfermeiro,0,,,false,false,false,,"Concurso municipal de enfermagem — capital paulista",,,
pref-sao-paulo-2024,PLANNED,Prefeitura de São Paulo,prefeitura-sao-paulo,2024,vunesp,enfermeiro,0,,,false,false,false,,"Concurso municipal de enfermagem — capital paulista",,,
pref-sao-paulo-2023,PLANNED,Prefeitura de São Paulo,prefeitura-sao-paulo,2023,vunesp,enfermeiro,0,,,false,false,false,,"Concurso municipal de enfermagem — capital paulista",,,
pref-rio-de-janeiro-2025,PLANNED,Prefeitura do Rio de Janeiro,prefeitura-rio-de-janeiro,2025,fgv,enfermeiro,0,,,false,false,false,,"Concurso municipal de enfermagem — capital fluminense",,,
pref-rio-de-janeiro-2024,PLANNED,Prefeitura do Rio de Janeiro,prefeitura-rio-de-janeiro,2024,fgv,enfermeiro,0,,,false,false,false,,"Concurso municipal de enfermagem — capital fluminense",,,
pref-rio-de-janeiro-2023,PLANNED,Prefeitura do Rio de Janeiro,prefeitura-rio-de-janeiro,2023,fgv,enfermeiro,0,,,false,false,false,,"Concurso municipal de enfermagem — capital fluminense",,,
pref-belo-horizonte-2025,PLANNED,Prefeitura de Belo Horizonte,prefeitura-belo-horizonte,2025,fgv,enfermeiro,0,,,false,false,false,,"Concurso municipal de enfermagem — Belo Horizonte",,,
pref-belo-horizonte-2024,PLANNED,Prefeitura de Belo Horizonte,prefeitura-belo-horizonte,2024,fgv,enfermeiro,0,,,false,false,false,,"Concurso municipal de enfermagem — Belo Horizonte",,,
pref-curitiba-2025,PLANNED,Prefeitura de Curitiba,prefeitura-curitiba,2025,UFPR / NC,enfermeiro,0,,,false,false,false,,"Concurso municipal de enfermagem — Curitiba",,,
pref-curitiba-2024,PLANNED,Prefeitura de Curitiba,prefeitura-curitiba,2024,UFPR / NC,enfermeiro,0,,,false,false,false,,"Concurso municipal de enfermagem — Curitiba",,,
pref-salvador-2025,PLANNED,Prefeitura de Salvador,prefeitura-salvador,2025,idib,enfermeiro,0,,,false,false,false,,"Concurso municipal de enfermagem — Salvador",,,
pref-salvador-2024,PLANNED,Prefeitura de Salvador,prefeitura-salvador,2024,idib,enfermeiro,0,,,false,false,false,,"Concurso municipal de enfermagem — Salvador",,,
pref-recife-2025,PLANNED,Prefeitura de Recife,prefeitura-recife,2025,idib,enfermeiro,0,,,false,false,false,,"Concurso municipal de enfermagem — Recife",,,
pref-recife-2024,PLANNED,Prefeitura de Recife,prefeitura-recife,2024,idib,enfermeiro,0,,,false,false,false,,"Concurso municipal de enfermagem — Recife",,,
pref-fortaleza-2025,PLANNED,Prefeitura de Fortaleza,prefeitura-fortaleza,2025,idib,enfermeiro,0,,,false,false,false,,"Concurso municipal de enfermagem — Fortaleza",,,
pref-fortaleza-2024,PLANNED,Prefeitura de Fortaleza,prefeitura-fortaleza,2024,idib,enfermeiro,0,,,false,false,false,,"Concurso municipal de enfermagem — Fortaleza",,,
pref-goiania-2025,PLANNED,Prefeitura de Goiânia,prefeitura-goiania,2025,quadrix,enfermeiro,0,,,false,false,false,,"Concurso municipal de enfermagem — Goiânia",,,
pref-goiania-2024,PLANNED,Prefeitura de Goiânia,prefeitura-goiania,2024,quadrix,enfermeiro,0,,,false,false,false,,"Concurso municipal de enfermagem — Goiânia",,,
hu-hc-fmusp-2025,PLANNED,HC-FMUSP,hc-fmusp,2025,fgv,enfermeiro,0,,,false,false,false,,"Hospital das Clínicas — USP — concurso de enfermagem",,,
hu-hc-fmusp-2024,PLANNED,HC-FMUSP,hc-fmusp,2024,fgv,enfermeiro,0,,,false,false,false,,"Hospital das Clínicas — USP — concurso de enfermagem",,,
hu-hc-fmusp-2023,PLANNED,HC-FMUSP,hc-fmusp,2023,fgv,enfermeiro,0,,,false,false,false,,"Hospital das Clínicas — USP — concurso de enfermagem",,,
hu-hc-ufrj-2025,PLANNED,HC-UFRJ,hc-ufrj,2025,fgv,enfermeiro,0,,,false,false,false,,"Hospital Universitário Clementino Fraga Filho — UFRJ",,,
hu-hc-ufrj-2024,PLANNED,HC-UFRJ,hc-ufrj,2024,fgv,enfermeiro,0,,,false,false,false,,"Hospital Universitário Clementino Fraga Filho — UFRJ",,,
hu-hu-ufmg-2025,PLANNED,HU-UFMG,hu-ufmg,2025,fgv,enfermeiro,0,,,false,false,false,,"Hospital das Clínicas — UFMG",,,
hu-hu-ufmg-2024,PLANNED,HU-UFMG,hu-ufmg,2024,fgv,enfermeiro,0,,,false,false,false,,"Hospital das Clínicas — UFMG",,,
hu-hcpa-ufrgs-2025,PLANNED,HCPA-UFRGS,hcpa-ufrgs,2025,fgv,enfermeiro,0,,,false,false,false,,"Hospital de Clínicas de Porto Alegre — UFRGS",,,
hu-hcpa-ufrgs-2024,PLANNED,HCPA-UFRGS,hcpa-ufrgs,2024,fgv,enfermeiro,0,,,false,false,false,,"Hospital de Clínicas de Porto Alegre — UFRGS",,,
hu-hu-ufpe-2025,PLANNED,HU-UFPE,hu-ufpe,2025,idib,enfermeiro,0,,,false,false,false,,"Hospital das Clínicas — UFPE",,,
hu-hu-ufpe-2024,PLANNED,HU-UFPE,hu-ufpe,2024,idib,enfermeiro,0,,,false,false,false,,"Hospital das Clínicas — UFPE",,,
hu-hu-unifesp-2025,PLANNED,HU-Unifesp,hu-unifesp,2025,vunesp,enfermeiro,0,,,false,false,false,,"Hospital Universitário da UNIFESP",,,
hu-hu-unifesp-2024,PLANNED,HU-Unifesp,hu-unifesp,2024,vunesp,enfermeiro,0,,,false,false,false,,"Hospital Universitário da UNIFESP",,,
hu-hu-unicamp-2025,PLANNED,HU-Unicamp,hu-unicamp,2025,fgv,enfermeiro,0,,,false,false,false,,"Hospital de Clínicas — Unicamp",,,
hu-hu-unicamp-2024,PLANNED,HU-Unicamp,hu-unicamp,2024,fgv,enfermeiro,0,,,false,false,false,,"Hospital de Clínicas — Unicamp",,,
hu-hu-ufba-2025,PLANNED,HU-UFBA,hu-ufba,2025,idib,enfermeiro,0,,,false,false,false,,"Hospital Universitário Professor Edgard Santos — UFBA",,,
hu-hu-ufba-2024,PLANNED,HU-UFBA,hu-ufba,2024,idib,enfermeiro,0,,,false,false,false,,"Hospital Universitário Professor Edgard Santos — UFBA",,,
hu-hu-ufpr-2025,PLANNED,HU-UFPR,hu-ufpr,2025,UFPR / NC,enfermeiro,0,,,false,false,false,,"Hospital de Clínicas — UFPR",,,
hu-hu-ufpr-2024,PLANNED,HU-UFPR,hu-ufpr,2024,UFPR / NC,enfermeiro,0,,,false,false,false,,"Hospital de Clínicas — UFPR",,,
fa-marinha-2025,PLANNED,Marinha do Brasil,marinha,2025,cebraspe,enfermeiro,0,,,false,false,false,,"Concurso de enfermagem — Força Naval",,,
fa-marinha-2024,PLANNED,Marinha do Brasil,marinha,2024,cebraspe,enfermeiro,0,,,false,false,false,,"Concurso de enfermagem — Força Naval",,,
fa-marinha-2023,PLANNED,Marinha do Brasil,marinha,2023,cebraspe,enfermeiro,0,,,false,false,false,,"Concurso de enfermagem — Força Naval",,,
fa-exercito-2025,PLANNED,Exército Brasileiro,exercito,2025,cebraspe,enfermeiro,0,,,false,false,false,,"Concurso de enfermagem — Força Terrestre",,,
fa-exercito-2024,PLANNED,Exército Brasileiro,exercito,2024,cebraspe,enfermeiro,0,,,false,false,false,,"Concurso de enfermagem — Força Terrestre",,,
fa-exercito-2023,PLANNED,Exército Brasileiro,exercito,2023,cebraspe,enfermeiro,0,,,false,false,false,,"Concurso de enfermagem — Força Terrestre",,,
fa-aeronautica-2025,PLANNED,Força Aérea Brasileira,aeronautica,2025,cebraspe,enfermeiro,0,,,false,false,false,,"Concurso de enfermagem — Força Aérea",,,
fa-aeronautica-2024,PLANNED,Força Aérea Brasileira,aeronautica,2024,cebraspe,enfermeiro,0,,,false,false,false,,"Concurso de enfermagem — Força Aérea",,,
fa-aeronautica-2023,PLANNED,Força Aérea Brasileira,aeronautica,2023,cebraspe,enfermeiro,0,,,false,false,false,,"Concurso de enfermagem — Força Aérea",,,
